{
  "ContractFormatVersion": -1,
  "GeneralData": {
    "Id": 6698677,
    "Name": "Clone - 1"
  },
  "SubscribedMods": {
    "75426": {
      "Id": 75426,
      "Name": "I18n EveryWhere",
      "Version": "40",
      "LoadOrder": 1,
      "IsEnabled": true
    },
    "75724": {
      "Id": 75724,
      "Name": "ExtraLib",
      "Version": "10",
      "LoadOrder": 2,
      "IsEnabled": true
    },
    "74417": {
      "Id": 74417,
      "Name": "Unified Icon Library",
      "Version": "14",
      "LoadOrder": 3,
      "IsEnabled": true
    },
    "75862": {
      "Id": 75862,
      "Name": "ExtendedRadio",
      "Version": "14",
      "LoadOrder": 4,
      "IsEnabled": true
    },
    "74604": {
      "Id": 74604,
      "Name": "Anarchy",
      "Version": "23",
      "LoadOrder": 5,
      "IsEnabled": true
    },
    "80529": {
      "Id": 80529,
      "Name": "ExtraAssetsImporter",
      "Version": "7",
      "LoadOrder": 6,
      "IsEnabled": true
    },
    "79634": {
      "Id": 79634,
      "Name": "Asset Icon Library",
      "Version": "11",
      "LoadOrder": 7,
      "IsEnabled": true
    },
    "76050": {
      "Id": 76050,
      "Name": "Map Texture Replacer",
      "Version": "8",
      "LoadOrder": 8,
      "IsEnabled": false
    },
    "94394": {
      "Id": 94394,
      "Name": "Lumina",
      "Version": "4",
      "LoadOrder": 9,
      "IsEnabled": false
    },
    "77240": {
      "Id": 77240,
      "Name": "Find It",
      "Version": "29",
      "LoadOrder": 10,
      "IsEnabled": true
    },
    "75250": {
      "Id": 75250,
      "Name": "Better Bulldozer",
      "Version": "17",
      "LoadOrder": 11,
      "IsEnabled": true
    },
    "95437": {
      "Id": 95437,
      "Name": "Region Flag Icons",
      "Version": "2",
      "LoadOrder": 12,
      "IsEnabled": true
    },
    "95891": {
      "Id": 95891,
      "Name": "Crowded Stops",
      "Version": "3",
      "LoadOrder": 13,
      "IsEnabled": true
    },
    "94094": {
      "Id": 94094,
      "Name": "Japan Pack",
      "Version": "3",
      "LoadOrder": 14,
      "IsEnabled": true
    },
    "75102": {
      "Id": 75102,
      "Name": "Magical Hearse",
      "Version": "2",
      "LoadOrder": 15,
      "IsEnabled": true
    },
    "76972": {
      "Id": 76972,
      "Name": "Crime Remover",
      "Version": "4",
      "LoadOrder": 16,
      "IsEnabled": true
    },
    "86868": {
      "Id": 86868,
      "Name": "Real Life",
      "Version": "18",
      "LoadOrder": 17,
      "IsEnabled": true
    },
    "78966": {
      "Id": 78966,
      "Name": "MagicTaxi",
      "Version": "2",
      "LoadOrder": 18,
      "IsEnabled": true
    },
    "81925": {
      "Id": 81925,
      "Name": "ctrlC",
      "Version": "26",
      "LoadOrder": 19,
      "IsEnabled": true
    },
    "77923": {
      "Id": 77923,
      "Name": "BetterMoonLight",
      "Version": "6",
      "LoadOrder": 20,
      "IsEnabled": false
    },
    "95965": {
      "Id": 95965,
      "Name": "Zone Organizer",
      "Version": "1",
      "LoadOrder": 21,
      "IsEnabled": true
    },
    "91072": {
      "Id": 91072,
      "Name": "CC22A's Tram Transit Pack 02",
      "Version": "8",
      "LoadOrder": 22,
      "IsEnabled": true
    },
    "81568": {
      "Id": 81568,
      "Name": "Zone Color Changer",
      "Version": "6",
      "LoadOrder": 26,
      "IsEnabled": true
    },
    "90794": {
      "Id": 90794,
      "Name": "Tigon's Rail Infrastructure Pack",
      "Version": "6",
      "LoadOrder": 27,
      "IsEnabled": true
    },
    "84661": {
      "Id": 84661,
      "Name": "Performance Monitor",
      "Version": "3",
      "LoadOrder": 28,
      "IsEnabled": true
    },
    "81407": {
      "Id": 81407,
      "Name": "Stiffer Vehicles",
      "Version": "3",
      "LoadOrder": 29,
      "IsEnabled": true
    },
    "86260": {
      "Id": 86260,
      "Name": "Compass",
      "Version": "3",
      "LoadOrder": 30,
      "IsEnabled": true
    },
    "95357": {
      "Id": 95357,
      "Name": "Quays and Piers",
      "Version": "3",
      "LoadOrder": 40,
      "IsEnabled": false
    },
    "75104": {
      "Id": 75104,
      "Name": "Prop Lights Mod",
      "Version": "1",
      "LoadOrder": 41,
      "IsEnabled": true
    },
    "87755": {
      "Id": 87755,
      "Name": "Realistic Workplaces And Households",
      "Version": "27",
      "LoadOrder": 42,
      "IsEnabled": true
    },
    "92499": {
      "Id": 92499,
      "Name": "Industries Extended ",
      "Version": "23",
      "LoadOrder": 43,
      "IsEnabled": true
    },
    "88488": {
      "Id": 88488,
      "Name": "Unlimited Unique Buildings",
      "Version": "4",
      "LoadOrder": 44,
      "IsEnabled": true
    },
    "79186": {
      "Id": 79186,
      "Name": "Simple Mod Checker Plus",
      "Version": "19",
      "LoadOrder": 45,
      "IsEnabled": true
    },
    "92859": {
      "Id": 92859,
      "Name": "UK Pack",
      "Version": "3",
      "LoadOrder": 46,
      "IsEnabled": true
    },
    "90264": {
      "Id": 90264,
      "Name": "SmartTransportation",
      "Version": "7",
      "LoadOrder": 47,
      "IsEnabled": true
    },
    "95129": {
      "Id": 95129,
      "Name": "More Parkings",
      "Version": "2",
      "LoadOrder": 48,
      "IsEnabled": true
    },
    "75107": {
      "Id": 75107,
      "Name": "Abandoned Building Remover",
      "Version": "5",
      "LoadOrder": 49,
      "IsEnabled": true
    },
    "79237": {
      "Id": 79237,
      "Name": "First Person Camera Continued",
      "Version": "10",
      "LoadOrder": 50,
      "IsEnabled": true
    },
    "91836": {
      "Id": 91836,
      "Name": "Candy Commercial LUT",
      "Version": "1",
      "LoadOrder": 51,
      "IsEnabled": false
    },
    "89165": {
      "Id": 89165,
      "Name": "Google Earth Inspired LUT Pack",
      "Version": "1",
      "LoadOrder": 52,
      "IsEnabled": false
    },
    "76061": {
      "Id": 76061,
      "Name": "Home of Chamëleon TBN",
      "Version": "4",
      "LoadOrder": 53,
      "IsEnabled": false
    },
    "76828": {
      "Id": 76828,
      "Name": "Alpine Theme",
      "Version": "3",
      "LoadOrder": 54,
      "IsEnabled": false
    },
    "77872": {
      "Id": 77872,
      "Name": "Lapland Map Theme",
      "Version": "1",
      "LoadOrder": 56,
      "IsEnabled": false
    },
    "78106": {
      "Id": 78106,
      "Name": "Bryxton Bay Theme",
      "Version": "1",
      "LoadOrder": 57,
      "IsEnabled": false
    },
    "75804": {
      "Id": 75804,
      "Name": "Skyve [BETA]",
      "Version": "41",
      "LoadOrder": 58,
      "IsEnabled": true
    },
    "84571": {
      "Id": 84571,
      "Name": "Bye Bye Homeless (updated for 1.1.12f)",
      "Version": "25",
      "LoadOrder": 59,
      "IsEnabled": true
    },
    "85825": {
      "Id": 85825,
      "Name": "Cim Census",
      "Version": "5",
      "LoadOrder": 62,
      "IsEnabled": true
    },
    "89270": {
      "Id": 89270,
      "Name": "AutoSaveAlwaysOn",
      "Version": "1",
      "LoadOrder": 64,
      "IsEnabled": true
    },
    "86878": {
      "Id": 86878,
      "Name": "RetentionRadio",
      "Version": "2",
      "LoadOrder": 65,
      "IsEnabled": true
    },
    "76241": {
      "Id": 76241,
      "Name": "City_Planner_Plays_By_The_Lake_Radio",
      "Version": "1",
      "LoadOrder": 66,
      "IsEnabled": true
    },
    "76239": {
      "Id": 76239,
      "Name": "City Planner Plays Badger Radio",
      "Version": "1",
      "LoadOrder": 67,
      "IsEnabled": true
    },
    "86876": {
      "Id": 86876,
      "Name": "Driftless_Radio",
      "Version": "5",
      "LoadOrder": 68,
      "IsEnabled": true
    },
    "76222": {
      "Id": 76222,
      "Name": "City Planner Plays Downtown Radio",
      "Version": "1",
      "LoadOrder": 69,
      "IsEnabled": true
    },
    "76247": {
      "Id": 76247,
      "Name": "City Planner Plays Suburbia Radio",
      "Version": "1",
      "LoadOrder": 70,
      "IsEnabled": true
    },
    "76232": {
      "Id": 76232,
      "Name": "City Planner Plays Capitol Radio",
      "Version": "1",
      "LoadOrder": 71,
      "IsEnabled": true
    },
    "76252": {
      "Id": 76252,
      "Name": "City Planner Plays Young Linden Radio",
      "Version": "1",
      "LoadOrder": 72,
      "IsEnabled": true
    },
    "76243": {
      "Id": 76243,
      "Name": "City Planner Plays North Woods Radio",
      "Version": "1",
      "LoadOrder": 73,
      "IsEnabled": true
    },
    "91429": {
      "Id": 91429,
      "Name": "Signature Buildings By Dome",
      "Version": "1",
      "LoadOrder": 74,
      "IsEnabled": true
    },
    "80931": {
      "Id": 80931,
      "Name": "Toggle Overlays",
      "Version": "4",
      "LoadOrder": 75,
      "IsEnabled": true
    },
    "94762": {
      "Id": 94762,
      "Name": "Building Use",
      "Version": "5",
      "LoadOrder": 76,
      "IsEnabled": true
    },
    "74328": {
      "Id": 74328,
      "Name": "529 Tiles",
      "Version": "14",
      "LoadOrder": 78,
      "IsEnabled": true
    },
    "85217": {
      "Id": 85217,
      "Name": "[G87] Color Surfaces",
      "Version": "4",
      "LoadOrder": 79,
      "IsEnabled": true
    },
    "87997": {
      "Id": 87997,
      "Name": "Concrete Tiles Surface Pack",
      "Version": "1",
      "LoadOrder": 81,
      "IsEnabled": true
    },
    "93056": {
      "Id": 93056,
      "Name": "Manicured Grass Texture Pack",
      "Version": "1",
      "LoadOrder": 82,
      "IsEnabled": true
    },
    "80867": {
      "Id": 80867,
      "Name": "White Sand Beaches Texture Pack",
      "Version": "3",
      "LoadOrder": 83,
      "IsEnabled": true
    },
    "80864": {
      "Id": 80864,
      "Name": "Golden Sand Beaches Texture Pack",
      "Version": "2",
      "LoadOrder": 84,
      "IsEnabled": true
    },
    "80758": {
      "Id": 80758,
      "Name": "Riverbeds Texture Pack",
      "Version": "2",
      "LoadOrder": 85,
      "IsEnabled": true
    },
    "94265": {
      "Id": 94265,
      "Name": "California Foliage Pack",
      "Version": "3",
      "LoadOrder": 86,
      "IsEnabled": true
    },
    "93523": {
      "Id": 93523,
      "Name": "NavigationView",
      "Version": "7",
      "LoadOrder": 87,
      "IsEnabled": true
    },
    "86367": {
      "Id": 86367,
      "Name": "过街隧道 Crossing the street tunnel",
      "Version": "2",
      "LoadOrder": 88,
      "IsEnabled": true
    },
    "79794": {
      "Id": 79794,
      "Name": "AdvancedSimulationSpeed",
      "Version": "8",
      "LoadOrder": 89,
      "IsEnabled": true
    },
    "79063": {
      "Id": 79063,
      "Name": "Dans Rural Services Pack",
      "Version": "15",
      "LoadOrder": 91,
      "IsEnabled": true
    },
    "84638": {
      "Id": 84638,
      "Name": "Recolor",
      "Version": "4",
      "LoadOrder": 92,
      "IsEnabled": true
    },
    "82966": {
      "Id": 82966,
      "Name": "Beach Row Zone",
      "Version": "2",
      "LoadOrder": 93,
      "IsEnabled": true
    },
    "94273": {
      "Id": 94273,
      "Name": "Pedestrian Bridges",
      "Version": "8",
      "LoadOrder": 94,
      "IsEnabled": true
    },
    "85804": {
      "Id": 85804,
      "Name": "Farming Zones 2",
      "Version": "3",
      "LoadOrder": 95,
      "IsEnabled": true
    },
    "94256": {
      "Id": 94256,
      "Name": "More Healthcare",
      "Version": "1",
      "LoadOrder": 96,
      "IsEnabled": true
    },
    "83207": {
      "Id": 83207,
      "Name": "Medium Office Zoning",
      "Version": "2",
      "LoadOrder": 97,
      "IsEnabled": true
    },
    "84515": {
      "Id": 84515,
      "Name": "Elevated Train Station",
      "Version": "1",
      "LoadOrder": 98,
      "IsEnabled": true
    },
    "79067": {
      "Id": 79067,
      "Name": "Mixed Residential Office Zoning",
      "Version": "5",
      "LoadOrder": 99,
      "IsEnabled": true
    },
    "91433": {
      "Id": 91433,
      "Name": "InfoLoom",
      "Version": "8",
      "LoadOrder": 100,
      "IsEnabled": true
    },
    "86944": {
      "Id": 86944,
      "Name": "Demand Master Pro [Alpha]",
      "Version": "1",
      "LoadOrder": 101,
      "IsEnabled": true
    },
    "81336": {
      "Id": 81336,
      "Name": "Parking Lots By Dome",
      "Version": "4",
      "LoadOrder": 103,
      "IsEnabled": true
    },
    "88893": {
      "Id": 88893,
      "Name": "Time & Weather Anarchy",
      "Version": "5",
      "LoadOrder": 104,
      "IsEnabled": true
    },
    "87313": {
      "Id": 87313,
      "Name": "Realistic Parking Mod",
      "Version": "8",
      "LoadOrder": 105,
      "IsEnabled": true
    },
    "81913": {
      "Id": 81913,
      "Name": "Overground Parking By Dome",
      "Version": "8",
      "LoadOrder": 106,
      "IsEnabled": true
    },
    "87190": {
      "Id": 87190,
      "Name": "Road Builder [BETA]",
      "Version": "23",
      "LoadOrder": 107,
      "IsEnabled": true
    },
    "92441": {
      "Id": 92441,
      "Name": "MiniParks Asset Pack",
      "Version": "2",
      "LoadOrder": 110,
      "IsEnabled": true
    },
    "92245": {
      "Id": 92245,
      "Name": "Bridge Expansion Pack",
      "Version": "13",
      "LoadOrder": 111,
      "IsEnabled": true
    },
    "93836": {
      "Id": 93836,
      "Name": "Dans Parking Lots with Parks Pack",
      "Version": "4",
      "LoadOrder": 112,
      "IsEnabled": true
    },
    "91930": {
      "Id": 91930,
      "Name": "French Pack",
      "Version": "3",
      "LoadOrder": 113,
      "IsEnabled": true
    },
    "91931": {
      "Id": 91931,
      "Name": "German Pack",
      "Version": "3",
      "LoadOrder": 115,
      "IsEnabled": true
    },
    "80528": {
      "Id": 80528,
      "Name": "ExtraDetailingTools",
      "Version": "6",
      "LoadOrder": 117,
      "IsEnabled": true
    },
    "78960": {
      "Id": 78960,
      "Name": "Traffic Lights Enhancement Alpha",
      "Version": "7",
      "LoadOrder": 118,
      "IsEnabled": true
    },
    "75750": {
      "Id": 75750,
      "Name": "Zoning Toolkit",
      "Version": "10",
      "LoadOrder": 119,
      "IsEnabled": true
    },
    "81157": {
      "Id": 81157,
      "Name": "AreaBucket",
      "Version": "7",
      "LoadOrder": 120,
      "IsEnabled": true
    },
    "80530": {
      "Id": 80530,
      "Name": "EAI - Surfaces Pack",
      "Version": "3",
      "LoadOrder": 121,
      "IsEnabled": true
    },
    "79201": {
      "Id": 79201,
      "Name": "Mio Overpass Asset Pack",
      "Version": "1",
      "LoadOrder": 123,
      "IsEnabled": true
    },
    "79565": {
      "Id": 79565,
      "Name": "Mio Parking Asset Pack",
      "Version": "1",
      "LoadOrder": 125,
      "IsEnabled": true
    },
    "79827": {
      "Id": 79827,
      "Name": "Kiosks Pack",
      "Version": "3",
      "LoadOrder": 126,
      "IsEnabled": true
    },
    "82020": {
      "Id": 82020,
      "Name": "Corners for row zones",
      "Version": "5",
      "LoadOrder": 127,
      "IsEnabled": true
    },
    "81040": {
      "Id": 81040,
      "Name": "More Transport",
      "Version": "17",
      "LoadOrder": 128,
      "IsEnabled": true
    },
    "80881": {
      "Id": 80881,
      "Name": "Mixed Office Row Zone",
      "Version": "5",
      "LoadOrder": 129,
      "IsEnabled": true
    },
    "79394": {
      "Id": 79394,
      "Name": "Roundabouts Pack",
      "Version": "18",
      "LoadOrder": 130,
      "IsEnabled": true
    },
    "80382": {
      "Id": 80382,
      "Name": "Mixed Row Zone",
      "Version": "16",
      "LoadOrder": 131,
      "IsEnabled": true
    },
    "78188": {
      "Id": 78188,
      "Name": "Extended Tooltip",
      "Version": "11",
      "LoadOrder": 132,
      "IsEnabled": true
    },
    "81346": {
      "Id": 81346,
      "Name": "More Education Buildings",
      "Version": "5",
      "LoadOrder": 133,
      "IsEnabled": true
    },
    "82100": {
      "Id": 82100,
      "Name": "More Recycling",
      "Version": "5",
      "LoadOrder": 134,
      "IsEnabled": true
    },
    "81837": {
      "Id": 81837,
      "Name": "More Parks",
      "Version": "8",
      "LoadOrder": 135,
      "IsEnabled": true
    },
    "80897": {
      "Id": 80897,
      "Name": "Row Services Pack",
      "Version": "6",
      "LoadOrder": 136,
      "IsEnabled": true
    },
    "80942": {
      "Id": 80942,
      "Name": "More Deathcare",
      "Version": "12",
      "LoadOrder": 137,
      "IsEnabled": true
    },
    "80095": {
      "Id": 80095,
      "Name": "Traffic",
      "Version": "15",
      "LoadOrder": 138,
      "IsEnabled": true
    },
    "75816": {
      "Id": 75816,
      "Name": "Line Tool",
      "Version": "19",
      "LoadOrder": 139,
      "IsEnabled": true
    },
    "77171": {
      "Id": 77171,
      "Name": "Realistic Trips",
      "Version": "31",
      "LoadOrder": 141,
      "IsEnabled": true
    },
    "76908": {
      "Id": 76908,
      "Name": "AutoDistrictNameStations",
      "Version": "17",
      "LoadOrder": 144,
      "IsEnabled": true
    },
    "76662": {
      "Id": 76662,
      "Name": "Cim Route Highlighter",
      "Version": "20",
      "LoadOrder": 147,
      "IsEnabled": true
    },
    "75826": {
      "Id": 75826,
      "Name": "Plop the Growables",
      "Version": "13",
      "LoadOrder": 150,
      "IsEnabled": true
    },
    "77175": {
      "Id": 77175,
      "Name": "Extra Networks and Areas",
      "Version": "10",
      "LoadOrder": 151,
      "IsEnabled": true
    },
    "75613": {
      "Id": 75613,
      "Name": "Water Features",
      "Version": "7",
      "LoadOrder": 152,
      "IsEnabled": true
    },
    "75993": {
      "Id": 75993,
      "Name": "Tree Controller",
      "Version": "11",
      "LoadOrder": 153,
      "IsEnabled": true
    },
    "75728": {
      "Id": 75728,
      "Name": "ExtraLandscapingTools",
      "Version": "8",
      "LoadOrder": 154,
      "IsEnabled": true
    },
    "74324": {
      "Id": 74324,
      "Name": "Move It",
      "Version": "25",
      "LoadOrder": 155,
      "IsEnabled": true
    },
    "78903": {
      "Id": 78903,
      "Name": "Asset Packs Manager",
      "Version": "31",
      "LoadOrder": 156,
      "IsEnabled": true
    }
  },
  "LocalMods": {}
}